repeat_id,data_source,goal_x,goal_y,goal_yaw,backend,backend_success,runner_arrival_success,send_time,arrival_time,duration,timeout,status,final_error_amcl,final_error_odom,final_error_tf_map_base_link,final_error_tf_map_base_footprint,yaw_error_tf_map_base_link,pose_source_used,xy_goal_tolerance_runtime,yaw_goal_tolerance_runtime,pose_goal_controller_tolerance_runtime,runner_arrival_tolerance,failure_reason,start_pose_source
1,mock_navigation_test,1.0,0.5,0.0,nav2_action,True,True,1777873386.2189138,1777873386.5296266,0.3107128143310547,False,succeeded,0.045024565538336135,0.04560199659912061,0.045601996599120724,0.045601996599120724,0.0016423401385901235,tf_map_base_link,,,,0.2,,
2,mock_navigation_test,1.0,0.5,0.0,nav2_action,True,True,1777873388.6182947,1777873388.920915,0.30262017250061035,False,succeeded,0.03702092660215059,0.03785506128348224,0.0378550612834822,0.0378550612834822,0.002925903603224763,tf_map_base_link,0.06,0.08,,0.2,,/amcl_pose
3,mock_navigation_test,1.0,0.5,0.0,nav2_action,True,True,1777873390.9273365,1777873391.2295096,0.3021731376647949,False,succeeded,0.06517401435537988,0.06568485485923575,0.06568485485923553,0.06568485485923553,0.000715584724221277,tf_map_base_link,0.06,0.08,,0.2,,/amcl_pose
4,mock_navigation_test,1.0,0.5,0.0,nav2_action,True,True,1777873393.2352803,1777873393.5376759,0.3023955821990967,False,succeeded,0.059130089609371946,0.05926384169334064,0.05926384169334058,0.05926384169334058,0.00016461022134026657,tf_map_base_link,0.06,0.08,,0.2,,/amcl_pose
5,mock_navigation_test,1.0,0.5,0.0,nav2_action,True,True,1777873395.5438397,1777873395.8467557,0.3029160499572754,False,succeeded,0.04571970992802198,0.04489084116910108,0.04489084116910099,0.04489084116910099,0.0014119014740576466,tf_map_base_link,0.06,0.08,,0.2,,/amcl_pose
