repeat_id,data_source,goal_x,goal_y,goal_yaw,backend,backend_success,runner_arrival_success,send_time,arrival_time,duration,timeout,status,final_error_amcl,final_error_odom,final_error_tf_map_base_link,final_error_tf_map_base_footprint,yaw_error_tf_map_base_link,pose_source_used,xy_goal_tolerance_runtime,yaw_goal_tolerance_runtime,pose_goal_controller_tolerance_runtime,runner_arrival_tolerance,failure_reason,start_pose_source
1,mock_navigation_test,1.0,0.5,0.0,a2_navcommand,True,True,1777872776.7561674,1777872777.0685642,0.31239867210388184,False,arrived_by_pose_feedback,0.06677734766643799,0.06778534749839302,0.0677853474983931,,0.001502330855396381,amcl,,,,0.2,,
2,mock_navigation_test,1.0,0.5,0.0,a2_navcommand,True,True,1777872779.278621,1777872779.582499,0.3038785457611084,False,arrived_by_pose_feedback,0.05671996297112544,0.058612808317405125,0.05861280831740503,,0.0028517692492541057,amcl,0.06,0.08,,0.2,,/amcl_pose
3,mock_navigation_test,1.0,0.5,0.0,a2_navcommand,True,True,1777872781.8712354,1777872782.1758683,0.30463433265686035,False,arrived_by_pose_feedback,0.06413184000872144,0.06355428157651186,0.063554281576512,,0.0009473621344393429,amcl,0.06,0.08,,0.2,,/amcl_pose
4,mock_navigation_test,1.0,0.5,0.0,a2_navcommand,True,True,1777872784.3854315,1777872784.6897342,0.3043041229248047,False,arrived_by_pose_feedback,0.04491364159823103,0.044283120871027655,0.044283120871027724,,0.0010626864562465529,amcl,0.06,0.08,,0.2,,/amcl_pose
5,mock_navigation_test,1.0,0.5,0.0,a2_navcommand,True,True,1777872786.9793868,1777872787.2830236,0.3036384582519531,False,arrived_by_pose_feedback,0.0486859335757907,0.048808491480116234,0.04880849148011632,,0.002655645251174251,amcl,0.06,0.08,,0.2,,/amcl_pose
