repeat_id,data_source,goal_x,goal_y,goal_yaw,backend,backend_success,runner_arrival_success,send_time,arrival_time,duration,timeout,status,final_error_amcl,final_error_odom,final_error_tf_map_base_link,final_error_tf_map_base_footprint,yaw_error_tf_map_base_link,pose_source_used,xy_goal_tolerance_runtime,yaw_goal_tolerance_runtime,pose_goal_controller_tolerance_runtime,runner_arrival_tolerance,failure_reason,start_pose_source
1,mock_navigation_test,1.0,0.5,0.0,a2_navcommand,True,True,1777873076.5342617,1777873076.846939,0.31267786026000977,False,arrived_by_pose_feedback,0.04099628463168956,0.04220758169434312,0.042207581694343056,,0.0032048037385069656,amcl,,,,0.2,,
2,mock_navigation_test,1.0,0.5,0.0,a2_navcommand,True,True,1777873079.1356514,1777873079.4383235,0.3026731014251709,False,arrived_by_pose_feedback,0.04103271511117119,0.039847613961469845,0.03984761396146981,,0.0019321885816835458,amcl,0.06,0.08,,0.2,,/amcl_pose
3,mock_navigation_test,1.0,0.5,0.0,a2_navcommand,True,True,1777873081.6452608,1777873081.9483259,0.3030660152435303,False,arrived_by_pose_feedback,0.03926958151678972,0.04044715427536805,0.0404471542753682,,0.002865870656556185,amcl,0.06,0.08,,0.2,,/amcl_pose
4,mock_navigation_test,1.0,0.5,0.0,a2_navcommand,True,True,1777873084.1563835,1777873084.4594657,0.3030829429626465,False,arrived_by_pose_feedback,0.047821064927282185,0.047470280802383,0.04747028080238301,,0.0020955604135092813,amcl,0.06,0.08,,0.2,,/amcl_pose
5,mock_navigation_test,1.0,0.5,0.0,a2_navcommand,True,True,1777873086.748386,1777873087.0513704,0.30298542976379395,False,arrived_by_pose_feedback,0.055512523660916815,0.05837746106388698,0.05837746106388706,,0.00354409844537255,amcl,0.06,0.08,,0.2,,/amcl_pose
