repeat_id,data_source,goal_x,goal_y,goal_yaw,backend,backend_success,runner_arrival_success,send_time,arrival_time,duration,timeout,status,final_error_amcl,final_error_odom,final_error_tf_map_base_link,final_error_tf_map_base_footprint,yaw_error_tf_map_base_link,pose_source_used,xy_goal_tolerance_runtime,yaw_goal_tolerance_runtime,pose_goal_controller_tolerance_runtime,runner_arrival_tolerance,failure_reason,start_pose_source
1,mock_navigation_test,1.0,0.5,0.0,nav2_action,True,True,1777873234.3982074,1777873234.7089043,0.3106968402862549,False,succeeded,0.05116765418833831,0.052610155284434496,0.052610155284434565,0.052610155284434565,0.0027273435458332325,tf_map_base_link,,,,0.2,,
2,mock_navigation_test,1.0,0.5,0.0,nav2_action,True,True,1777873236.7160432,1777873237.0179965,0.3019533157348633,False,succeeded,0.03436402166667698,0.035883063430717635,0.03588306343071737,0.03588306343071737,0.0027893149707401235,tf_map_base_link,0.06,0.08,,0.2,,/amcl_pose
3,mock_navigation_test,1.0,0.5,0.0,nav2_action,True,True,1777873239.0246387,1777873239.3268359,0.3021972179412842,False,succeeded,0.0485693084357653,0.048670105307823223,0.04867010530782296,0.04867010530782296,0.00026107082564403184,tf_map_base_link,0.06,0.08,,0.2,,/amcl_pose
4,mock_navigation_test,1.0,0.5,0.0,nav2_action,True,True,1777873241.3334596,1777873241.635162,0.30170249938964844,False,succeeded,0.05049058209262758,0.050029198085112886,0.05002919808511306,0.05002919808511306,0.0007779315481988772,tf_map_base_link,0.06,0.08,,0.2,,/amcl_pose
5,mock_navigation_test,1.0,0.5,0.0,nav2_action,True,True,1777873243.6432188,1777873243.9455733,0.3023545742034912,False,succeeded,0.05955993063003895,0.0595510498439741,0.059551049843974094,0.059551049843974094,2.2873121274611314e-05,tf_map_base_link,0.06,0.08,,0.2,,/amcl_pose
