repeat_id,data_source,goal_x,goal_y,goal_yaw,backend,backend_success,runner_arrival_success,send_time,arrival_time,duration,timeout,status,final_error_amcl,final_error_odom,final_error_tf_map_base_link,final_error_tf_map_base_footprint,yaw_error_tf_map_base_link,pose_source_used,xy_goal_tolerance_runtime,yaw_goal_tolerance_runtime,pose_goal_controller_tolerance_runtime,runner_arrival_tolerance,failure_reason,start_pose_source
1,mock_navigation_test,1.0,0.5,0.0,a2_navcommand,True,True,1777872869.3220716,1777872869.6334243,0.3113536834716797,False,arrived_by_pose_feedback,0.05255087062903687,0.05286259933563757,0.05286259933563751,,0.0012079862408949126,amcl,,,,0.2,,
2,mock_navigation_test,1.0,0.5,0.0,a2_navcommand,True,True,1777872871.9215167,1777872872.2246459,0.3031299114227295,False,arrived_by_pose_feedback,0.04631649347372188,0.04578666618527477,0.045786666185275146,,0.001498769461892227,amcl,0.06,0.08,,0.2,,/amcl_pose
3,mock_navigation_test,1.0,0.5,0.0,a2_navcommand,True,True,1777872874.435664,1777872874.739287,0.30362415313720703,False,arrived_by_pose_feedback,0.05246956122018962,0.05018077426840557,0.05018077426840551,,0.003150871127174108,amcl,0.06,0.08,,0.2,,/amcl_pose
4,mock_navigation_test,1.0,0.5,0.0,a2_navcommand,True,True,1777872876.9487772,1777872877.253141,0.3043644428253174,False,arrived_by_pose_feedback,0.04705755989688352,0.046737840158528186,0.04673784015852824,,0.0011426367376851335,amcl,0.06,0.08,,0.2,,/amcl_pose
5,mock_navigation_test,1.0,0.5,0.0,a2_navcommand,True,True,1777872879.4606383,1777872879.7639012,0.30326366424560547,False,arrived_by_pose_feedback,0.04620526895109282,0.046769242959326336,0.04676924295932644,,0.0008604814453523674,amcl,0.06,0.08,,0.2,,/amcl_pose
