repeat_id,data_source,goal_x,goal_y,goal_yaw,backend,backend_success,runner_arrival_success,send_time,arrival_time,duration,timeout,status,final_error_amcl,final_error_odom,final_error_tf_map_base_link,final_error_tf_map_base_footprint,yaw_error_tf_map_base_link,pose_source_used,xy_goal_tolerance_runtime,yaw_goal_tolerance_runtime,pose_goal_controller_tolerance_runtime,runner_arrival_tolerance,failure_reason,start_pose_source
1,mock_navigation_test,1.0,0.5,0.0,nav2_action,True,True,1777873161.0015302,1777873161.3122082,0.31067800521850586,False,succeeded,0.05721998786037662,0.057284635606308004,0.05728463560630772,0.05728463560630772,9.989071160024816e-05,tf_map_base_link,,,,0.2,,
2,mock_navigation_test,1.0,0.5,0.0,nav2_action,True,True,1777873163.3223393,1777873163.624777,0.30243778228759766,False,succeeded,0.04518964484916956,0.04555899264264539,0.045558992642645416,0.045558992642645416,0.001493698701496329,tf_map_base_link,0.06,0.08,,0.2,,/amcl_pose
3,mock_navigation_test,1.0,0.5,0.0,nav2_action,True,True,1777873165.631913,1777873165.9342232,0.3023102283477783,False,succeeded,0.048788615757256605,0.0489990755681603,0.04899907556816035,0.04899907556816035,0.0003766624112276263,tf_map_base_link,0.06,0.08,,0.2,,/amcl_pose
4,mock_navigation_test,1.0,0.5,0.0,nav2_action,True,True,1777873167.9411514,1777873168.2435956,0.3024442195892334,False,succeeded,0.03431824205072026,0.03619405733885623,0.03619405733885615,0.03619405733885615,0.003441083365800163,tf_map_base_link,0.06,0.08,,0.2,,/amcl_pose
5,mock_navigation_test,1.0,0.5,0.0,nav2_action,True,True,1777873170.2498145,1777873170.5523956,0.3025810718536377,False,succeeded,0.051594821565183156,0.05133920190133591,0.051339201901335826,0.051339201901335826,0.0011672186120560502,tf_map_base_link,0.06,0.08,,0.2,,/amcl_pose
