repeat_id,data_source,goal_x,goal_y,goal_yaw,backend,backend_success,runner_arrival_success,send_time,arrival_time,duration,timeout,status,final_error_amcl,final_error_odom,final_error_tf_map_base_link,final_error_tf_map_base_footprint,yaw_error_tf_map_base_link,pose_source_used,xy_goal_tolerance_runtime,yaw_goal_tolerance_runtime,pose_goal_controller_tolerance_runtime,runner_arrival_tolerance,failure_reason,start_pose_source
1,mock_navigation_test,1.0,0.5,0.0,nav2_action,True,True,1777873007.2760582,1777873007.5872803,0.3112220764160156,False,succeeded,0.04488587548829073,0.04474748317905323,0.044747483179053485,,0.00020986613250327461,tf_map_base_link,0.06,0.08,,0.2,,
2,mock_navigation_test,1.0,0.5,0.0,nav2_action,True,True,1777873009.7963715,1777873010.0986304,0.3022589683532715,False,succeeded,0.06866834841235091,0.06926269213672671,0.06926269213672683,,0.0011926181283813462,tf_map_base_link,0.06,0.08,,0.2,,/amcl_pose
3,mock_navigation_test,1.0,0.5,0.0,nav2_action,True,True,1777873012.3881016,1777873012.6899958,0.3018941879272461,False,succeeded,0.06200513639668915,0.06159911539440936,0.06159911539440966,,0.0009871850472737446,tf_map_base_link,0.06,0.08,,0.2,,/amcl_pose
4,mock_navigation_test,1.0,0.5,0.0,nav2_action,True,True,1777873014.8974707,1777873015.199847,0.30237627029418945,False,succeeded,0.049861911975802524,0.052396806216709245,0.05239680621670938,,0.0038860405555778605,tf_map_base_link,0.06,0.08,,0.2,,/amcl_pose
5,mock_navigation_test,1.0,0.5,0.0,nav2_action,True,True,1777873017.4075348,1777873017.7094586,0.3019237518310547,False,succeeded,0.06361284157455721,0.06252357571821751,0.06252357571821755,,0.002486747392065096,tf_map_base_link,0.06,0.08,,0.2,,/amcl_pose
