repeat_id,data_source,goal_x,goal_y,goal_yaw,backend,backend_success,runner_arrival_success,send_time,arrival_time,duration,timeout,status,final_error_amcl,final_error_odom,final_error_tf_map_base_link,final_error_tf_map_base_footprint,yaw_error_tf_map_base_link,pose_source_used,xy_goal_tolerance_runtime,yaw_goal_tolerance_runtime,pose_goal_controller_tolerance_runtime,runner_arrival_tolerance,failure_reason,start_pose_source
1,mock_navigation_test,1.0,0.5,0.0,nav2_action,True,False,1777873292.8998742,1777873293.2109363,0.3110620975494385,False,succeeded,0.28242845281022305,0.3037979834208602,0.3037979834208603,0.3037979834208603,0.03987718472637432,tf_map_base_link,0.06,0.08,,0.2,,
2,mock_navigation_test,1.0,0.5,0.0,nav2_action,True,False,1777873295.299576,1777873295.601896,0.3023200035095215,False,succeeded,0.3232803140536173,0.32267148896018066,0.32267148896018044,0.32267148896018044,0.004288906017756647,tf_map_base_link,0.06,0.08,,0.2,,/amcl_pose
3,mock_navigation_test,1.0,0.5,0.0,nav2_action,True,True,1777873297.6892955,1777873297.9920075,0.30271196365356445,False,succeeded,0.10871821425424877,0.09146562893378042,0.0914656289337806,0.0914656289337806,0.03445843409043907,tf_map_base_link,0.06,0.08,,0.2,,/amcl_pose
4,mock_navigation_test,1.0,0.5,0.0,nav2_action,True,True,1777873299.9983432,1777873300.300816,0.3024728298187256,False,succeeded,0.17596022555962643,0.1823310502711991,0.18233105027119925,0.18233105027119925,0.05051767449613386,tf_map_base_link,0.06,0.08,,0.2,,/amcl_pose
5,mock_navigation_test,1.0,0.5,0.0,nav2_action,True,True,1777873302.3067276,1777873302.6088178,0.3020901679992676,False,succeeded,0.04588679858160953,0.040851636092141035,0.040851636092141166,0.040851636092141166,0.009613313329553118,tf_map_base_link,0.06,0.08,,0.2,,/amcl_pose
