repeat_id,data_source,goal_x,goal_y,goal_yaw,backend,backend_success,runner_arrival_success,send_time,arrival_time,duration,timeout,status,final_error_amcl,final_error_odom,final_error_tf_map_base_link,final_error_tf_map_base_footprint,yaw_error_tf_map_base_link,pose_source_used,xy_goal_tolerance_runtime,yaw_goal_tolerance_runtime,pose_goal_controller_tolerance_runtime,runner_arrival_tolerance,failure_reason,start_pose_source
1,mock_navigation_test,1.0,0.5,0.0,nav2_action,True,False,1777873444.6089456,1777873444.9206142,0.31166863441467285,False,succeeded,0.23969177345782278,0.24159505371073403,0.2415950537107342,0.2415950537107342,0.03790656898316343,tf_map_base_link,,,,0.2,,
2,mock_navigation_test,1.0,0.5,0.0,nav2_action,True,True,1777873446.9261775,1777873447.2281196,0.3019421100616455,False,succeeded,0.061600980842110936,0.08564853319965766,0.08564853319965748,0.08564853319965748,0.03303330202047557,tf_map_base_link,0.06,0.08,,0.2,,/amcl_pose
3,mock_navigation_test,1.0,0.5,0.0,nav2_action,True,False,1777873449.2354314,1777873449.5376549,0.30222344398498535,False,succeeded,0.395081656351142,0.40198403464194254,0.4019840346419426,0.4019840346419426,0.008579737641949638,tf_map_base_link,0.06,0.08,,0.2,,/amcl_pose
4,mock_navigation_test,1.0,0.5,0.0,nav2_action,True,False,1777873451.5434792,1777873451.8456728,0.30219364166259766,False,succeeded,0.23735332536562875,0.22334456466557098,0.22334456466557118,0.22334456466557118,0.011599076099763295,tf_map_base_link,0.06,0.08,,0.2,,/amcl_pose
5,mock_navigation_test,1.0,0.5,0.0,nav2_action,True,True,1777873453.8535757,1777873454.1562877,0.30271196365356445,False,succeeded,0.07845257160659287,0.11022792469611385,0.11022792469611377,0.11022792469611377,0.07640182615395652,tf_map_base_link,0.06,0.08,,0.2,,/amcl_pose
