repeat_id,data_source,goal_x,goal_y,goal_yaw,backend,backend_success,runner_arrival_success,send_time,arrival_time,duration,timeout,status,final_error_amcl,final_error_odom,final_error_tf_map_base_link,final_error_tf_map_base_footprint,yaw_error_tf_map_base_link,pose_source_used,xy_goal_tolerance_runtime,yaw_goal_tolerance_runtime,pose_goal_controller_tolerance_runtime,runner_arrival_tolerance,failure_reason,start_pose_source
1,mock_navigation_test,1.0,0.5,0.0,nav2_action,True,False,1777873405.8032804,1777873406.1144028,0.31112241744995117,False,succeeded,0.2503705778668879,0.24945888093446975,0.24945888093446958,0.24945888093446958,0.001685745780101322,tf_map_base_link,,,,0.2,,
2,mock_navigation_test,1.0,0.5,0.0,nav2_action,True,False,1777873408.120322,1777873408.422734,0.3024120330810547,False,succeeded,0.22920377430350636,0.2285797681555634,0.22857976815556375,0.22857976815556375,0.0013913729700903005,tf_map_base_link,0.25,0.08,,0.2,,/amcl_pose
3,mock_navigation_test,1.0,0.5,0.0,nav2_action,True,False,1777873410.4313123,1777873410.7341447,0.30283236503601074,False,succeeded,0.2593173195146662,0.25940213689316166,0.25940213689316155,0.25940213689316155,0.0001853518420516809,tf_map_base_link,0.25,0.08,,0.2,,/amcl_pose
4,mock_navigation_test,1.0,0.5,0.0,nav2_action,True,False,1777873412.7404075,1777873413.0423286,0.30192112922668457,False,succeeded,0.2362870393032273,0.23675657658921678,0.23675657658921678,0.23675657658921678,0.0008478444147959984,tf_map_base_link,0.25,0.08,,0.2,,/amcl_pose
5,mock_navigation_test,1.0,0.5,0.0,nav2_action,True,False,1777873415.0484781,1777873415.3512201,0.30274200439453125,False,succeeded,0.22789008373519476,0.2286089450602537,0.22860894506025373,0.22860894506025373,0.0014657752906364278,tf_map_base_link,0.25,0.08,,0.2,,/amcl_pose
