repeat_id,data_source,goal_x,goal_y,goal_yaw,backend,backend_success,runner_arrival_success,send_time,arrival_time,duration,timeout,status,final_error_amcl,final_error_odom,final_error_tf_map_base_link,final_error_tf_map_base_footprint,yaw_error_tf_map_base_link,pose_source_used,xy_goal_tolerance_runtime,yaw_goal_tolerance_runtime,pose_goal_controller_tolerance_runtime,runner_arrival_tolerance,failure_reason,start_pose_source
1,mock_navigation_test,1.0,0.5,0.0,nav2_action,True,False,1777873253.8936932,1777873254.2047076,0.31101441383361816,False,succeeded,0.2446403164309168,0.2470174300904795,0.24701743009047958,0.24701743009047958,0.0042797634302382285,tf_map_base_link,,,,0.2,,
2,mock_navigation_test,1.0,0.5,0.0,nav2_action,True,False,1777873256.2112656,1777873256.5133905,0.3021249771118164,False,succeeded,0.23826786579657558,0.23745622776781689,0.23745622776781708,0.23745622776781708,0.0014454220902579012,tf_map_base_link,0.25,0.08,,0.2,,/amcl_pose
3,mock_navigation_test,1.0,0.5,0.0,nav2_action,True,False,1777873258.5200925,1777873258.8229032,0.3028106689453125,False,succeeded,0.2425956147272538,0.24168218990639734,0.24168218990639748,0.24168218990639748,0.0019433405449887002,tf_map_base_link,0.25,0.08,,0.2,,/amcl_pose
4,mock_navigation_test,1.0,0.5,0.0,nav2_action,True,False,1777873260.829625,1777873261.132269,0.3026440143585205,False,succeeded,0.23803167854802437,0.2387058117829705,0.23870581178297046,0.23870581178297046,0.0013469151323856694,tf_map_base_link,0.25,0.08,,0.2,,/amcl_pose
5,mock_navigation_test,1.0,0.5,0.0,nav2_action,True,False,1777873263.141331,1777873263.4435558,0.30222487449645996,False,succeeded,0.23840565628429686,0.23645729011869732,0.23645729011869718,0.23645729011869718,0.003814768638210696,tf_map_base_link,0.25,0.08,,0.2,,/amcl_pose
