repeat_id,data_source,goal_x,goal_y,goal_yaw,backend,backend_success,runner_arrival_success,send_time,arrival_time,duration,timeout,status,final_error_amcl,final_error_odom,final_error_tf_map_base_link,final_error_tf_map_base_footprint,yaw_error_tf_map_base_link,pose_source_used,xy_goal_tolerance_runtime,yaw_goal_tolerance_runtime,pose_goal_controller_tolerance_runtime,runner_arrival_tolerance,failure_reason,start_pose_source
1,mock_navigation_test,1.0,0.5,0.0,nav2_action,True,True,1777873464.1079216,1777873464.418775,0.3108534812927246,False,succeeded,0.023092553780204403,0.023185195309886327,0.023185195309886414,0.25086927320205155,9.310175029159594e-05,tf_map_base_link,,,,0.2,,
2,mock_navigation_test,1.0,0.5,0.0,nav2_action,True,True,1777873466.5054338,1777873466.8079817,0.3025479316711426,False,succeeded,0.0024613403300899448,0.0036474521879618785,0.003647452187961901,0.24990005866993975,0.0012337943808353319,tf_map_base_link,0.06,0.08,,0.2,,/amcl_pose
3,mock_navigation_test,1.0,0.5,0.0,nav2_action,True,True,1777873468.8148758,1777873469.1176026,0.30272674560546875,False,succeeded,0.01711335924600772,0.018477159370749473,0.018477159370749355,0.2551216896899488,0.0012516892353444048,tf_map_base_link,0.06,0.08,,0.2,,/amcl_pose
4,mock_navigation_test,1.0,0.5,0.0,nav2_action,True,True,1777873471.1268058,1777873471.428739,0.30193328857421875,False,succeeded,0.012688035486973899,0.013237060030831655,0.013237060030831594,0.25558050680384065,0.0007918538934840883,tf_map_base_link,0.06,0.08,,0.2,,/amcl_pose
5,mock_navigation_test,1.0,0.5,0.0,nav2_action,True,True,1777873473.4348135,1777873473.736789,0.3019754886627197,False,succeeded,0.012959165366989897,0.013085923805616493,0.013085923805616457,0.2627277179178791,0.00017634694225063515,tf_map_base_link,0.06,0.08,,0.2,,/amcl_pose
