repeat_id,data_source,goal_x,goal_y,goal_yaw,backend,backend_success,runner_arrival_success,send_time,arrival_time,duration,timeout,status,final_error_amcl,final_error_odom,final_error_tf_map_base_link,final_error_tf_map_base_footprint,yaw_error_tf_map_base_link,pose_source_used,xy_goal_tolerance_runtime,yaw_goal_tolerance_runtime,pose_goal_controller_tolerance_runtime,runner_arrival_tolerance,failure_reason,start_pose_source
1,mock_navigation_test,1.0,0.5,0.0,nav2_action,True,True,1777873311.894091,1777873312.2048135,0.31072258949279785,False,succeeded,0.0013225364115607653,0.0008847444637950701,0.0008847444637950397,0.24976959546314045,0.00039676234863375375,tf_map_base_link,0.06,0.08,,0.2,,/amcl_pose
2,mock_navigation_test,1.0,0.5,0.0,nav2_action,True,True,1777873314.2119274,1777873314.5141306,0.3022031784057617,False,succeeded,0.014096246481454728,0.014251392951007464,0.01425139295100762,0.25041546009928284,0.0001554197497058632,tf_map_base_link,0.06,0.08,,0.2,,/amcl_pose
3,mock_navigation_test,1.0,0.5,0.0,nav2_action,True,True,1777873316.523656,1777873316.82638,0.30272412300109863,False,succeeded,0.01088394983822782,0.011156321651776322,0.011156321651776276,0.2610864206922287,0.00045993754195359826,tf_map_base_link,0.06,0.08,,0.2,,/amcl_pose
4,mock_navigation_test,1.0,0.5,0.0,nav2_action,True,True,1777873318.9154623,1777873319.2182684,0.30280613899230957,False,succeeded,0.00775289275445392,0.008385208712892724,0.008385208712892833,0.2570961363179329,0.0006679017423495642,tf_map_base_link,0.06,0.08,,0.2,,/amcl_pose
5,mock_navigation_test,1.0,0.5,0.0,nav2_action,True,True,1777873321.225858,1777873321.5285537,0.30269575119018555,False,succeeded,0.008028146812293541,0.009195116485429674,0.00919511648542963,0.2443707609223812,0.001070574095459833,tf_map_base_link,0.06,0.08,,0.2,,/amcl_pose
