repeat_id,data_source,goal_x,goal_y,goal_yaw,backend,backend_success,runner_arrival_success,send_time,arrival_time,duration,timeout,status,final_error_amcl,final_error_odom,final_error_tf_map_base_link,final_error_tf_map_base_footprint,yaw_error_tf_map_base_link,pose_source_used,xy_goal_tolerance_runtime,yaw_goal_tolerance_runtime,pose_goal_controller_tolerance_runtime,runner_arrival_tolerance,failure_reason,start_pose_source
1,mock_navigation_test,1.0,0.5,0.0,nav2_action,True,False,1777873331.508751,1777873331.8197896,0.3110387325286865,False,succeeded,0.25211298297833334,0.25243974437430755,0.2524397443743076,0.2524397443743076,0.000606015555454463,tf_map_base_link,,,,0.2,,
2,mock_navigation_test,1.0,0.5,0.0,nav2_action,True,False,1777873333.8283842,1777873334.130573,0.3021888732910156,False,succeeded,0.2468968741877695,0.24730646310391166,0.2473064631039117,0.2473064631039117,0.0008140425565500877,tf_map_base_link,0.06,0.08,,0.2,,/amcl_pose
3,mock_navigation_test,1.0,0.5,0.0,nav2_action,True,False,1777873336.1365235,1777873336.438983,0.3024594783782959,False,succeeded,0.2375549873381416,0.237906239681239,0.23790623968123883,0.23790623968123883,0.0006652214616185477,tf_map_base_link,0.06,0.08,,0.2,,/amcl_pose
4,mock_navigation_test,1.0,0.5,0.0,nav2_action,True,False,1777873338.445167,1777873338.747243,0.3020758628845215,False,succeeded,0.26737542118148494,0.26949516439994015,0.26949516439994,0.26949516439994,0.004107174008388705,tf_map_base_link,0.06,0.08,,0.2,,/amcl_pose
5,mock_navigation_test,1.0,0.5,0.0,nav2_action,True,False,1777873340.7548244,1777873341.0576618,0.3028373718261719,False,succeeded,0.2578545365046307,0.25723489798889787,0.25723489798889776,0.25723489798889776,0.0013244535994494362,tf_map_base_link,0.06,0.08,,0.2,,/amcl_pose
