repeat_id,data_source,goal_x,goal_y,goal_yaw,backend,backend_success,runner_arrival_success,send_time,arrival_time,duration,timeout,status,final_error_amcl,final_error_odom,final_error_tf_map_base_link,final_error_tf_map_base_footprint,yaw_error_tf_map_base_link,pose_source_used,xy_goal_tolerance_runtime,yaw_goal_tolerance_runtime,pose_goal_controller_tolerance_runtime,runner_arrival_tolerance,failure_reason,start_pose_source
1,mock_navigation_test,1.0,0.5,0.0,nav2_action,True,False,1777873483.053726,1777873483.3645551,0.31082916259765625,False,succeeded,0.24787257473766147,0.24684767278525652,0.24684767278525663,0.24684767278525663,0.00235676683600523,tf_map_base_link,0.06,0.08,,0.2,,
2,mock_navigation_test,1.0,0.5,0.0,nav2_action,True,False,1777873485.3710532,1777873485.6731362,0.30208301544189453,False,succeeded,0.24328004322299074,0.24257508637234715,0.2425750863723471,0.2425750863723471,0.001340068309575895,tf_map_base_link,0.06,0.08,,0.2,,/amcl_pose
3,mock_navigation_test,1.0,0.5,0.0,nav2_action,True,False,1777873487.679486,1777873487.9815273,0.30204129219055176,False,succeeded,0.25956795888102563,0.25989099965932877,0.25989099965932855,0.25989099965932855,0.000700421758495455,tf_map_base_link,0.06,0.08,,0.2,,/amcl_pose
4,mock_navigation_test,1.0,0.5,0.0,nav2_action,True,False,1777873489.9880648,1777873490.29054,0.3024752140045166,False,succeeded,0.2516706976398998,0.2526490544443823,0.2526490544443822,0.2526490544443822,0.0018759507942549608,tf_map_base_link,0.06,0.08,,0.2,,/amcl_pose
5,mock_navigation_test,1.0,0.5,0.0,nav2_action,True,False,1777873492.3776,1777873492.680834,0.3032341003417969,False,succeeded,0.24103870620524506,0.2413084810336724,0.24130848103367283,0.24130848103367283,0.0005013834113288492,tf_map_base_link,0.06,0.08,,0.2,,/amcl_pose
